bike_id,brand_id,name,brand,segment,fuel_type,is_ev,price_inr,engine_cc,power_bhp,torque_nm,mileage_kmpl,weight_kg,top_speed_kmph,battery_kwh,range_km,launch_year,rating,price_band,value_score,efficiency,year,annual_units,avg_rating,total_reviews
BK001,BR01,Hero Splendor Plus,Hero MotoCorp,Commuter,Petrol,False,72000,97.2,8.02,8.05,80.0,112,95,0.0,0.0,2015,4.2,Budget (Under 80K),11.14,80.0,2019,3876803,4.17,68
BK001,BR01,Hero Splendor Plus,Hero MotoCorp,Commuter,Petrol,False,72000,97.2,8.02,8.05,80.0,112,95,0.0,0.0,2015,4.2,Budget (Under 80K),11.14,80.0,2020,3044541,4.17,68
BK001,BR01,Hero Splendor Plus,Hero MotoCorp,Commuter,Petrol,False,72000,97.2,8.02,8.05,80.0,112,95,0.0,0.0,2015,4.2,Budget (Under 80K),11.14,80.0,2021,3650464,4.17,68
BK001,BR01,Hero Splendor Plus,Hero MotoCorp,Commuter,Petrol,False,72000,97.2,8.02,8.05,80.0,112,95,0.0,0.0,2015,4.2,Budget (Under 80K),11.14,80.0,2022,4205779,4.17,68
BK001,BR01,Hero Splendor Plus,Hero MotoCorp,Commuter,Petrol,False,72000,97.2,8.02,8.05,80.0,112,95,0.0,0.0,2015,4.2,Budget (Under 80K),11.14,80.0,2023,4443445,4.17,68
BK002,BR01,Hero HF Deluxe,Hero MotoCorp,Commuter,Petrol,False,58000,97.2,8.02,8.05,85.0,109,90,0.0,0.0,2014,4.0,Budget (Under 80K),13.83,85.0,2019,2567678,3.96,145
BK002,BR01,Hero HF Deluxe,Hero MotoCorp,Commuter,Petrol,False,58000,97.2,8.02,8.05,85.0,109,90,0.0,0.0,2014,4.0,Budget (Under 80K),13.83,85.0,2020,2075099,3.96,145
BK002,BR01,Hero HF Deluxe,Hero MotoCorp,Commuter,Petrol,False,58000,97.2,8.02,8.05,85.0,109,90,0.0,0.0,2014,4.0,Budget (Under 80K),13.83,85.0,2021,2434856,3.96,145
BK002,BR01,Hero HF Deluxe,Hero MotoCorp,Commuter,Petrol,False,58000,97.2,8.02,8.05,85.0,109,90,0.0,0.0,2014,4.0,Budget (Under 80K),13.83,85.0,2022,2858037,3.96,145
BK002,BR01,Hero HF Deluxe,Hero MotoCorp,Commuter,Petrol,False,58000,97.2,8.02,8.05,85.0,109,90,0.0,0.0,2014,4.0,Budget (Under 80K),13.83,85.0,2023,2975935,3.96,145
BK003,BR01,Hero Passion Pro,Hero MotoCorp,Commuter,Petrol,False,78000,113.2,9.15,9.89,65.0,118,95,0.0,0.0,2017,4.1,Budget (Under 80K),11.73,65.0,2019,1268637,3.98,157
BK003,BR01,Hero Passion Pro,Hero MotoCorp,Commuter,Petrol,False,78000,113.2,9.15,9.89,65.0,118,95,0.0,0.0,2017,4.1,Budget (Under 80K),11.73,65.0,2020,1029800,3.98,157
BK003,BR01,Hero Passion Pro,Hero MotoCorp,Commuter,Petrol,False,78000,113.2,9.15,9.89,65.0,118,95,0.0,0.0,2017,4.1,Budget (Under 80K),11.73,65.0,2021,1226894,3.98,157
BK003,BR01,Hero Passion Pro,Hero MotoCorp,Commuter,Petrol,False,78000,113.2,9.15,9.89,65.0,118,95,0.0,0.0,2017,4.1,Budget (Under 80K),11.73,65.0,2022,1464953,3.98,157
BK003,BR01,Hero Passion Pro,Hero MotoCorp,Commuter,Petrol,False,78000,113.2,9.15,9.89,65.0,118,95,0.0,0.0,2017,4.1,Budget (Under 80K),11.73,65.0,2023,1495732,3.98,157
BK004,BR01,Hero Glamour,Hero MotoCorp,Commuter,Petrol,False,82000,124.7,10.69,10.6,55.0,125,98,0.0,0.0,2018,4.2,Mid-range (80K–1.5L),13.04,55.0,2019,841385,4.13,156
BK004,BR01,Hero Glamour,Hero MotoCorp,Commuter,Petrol,False,82000,124.7,10.69,10.6,55.0,125,98,0.0,0.0,2018,4.2,Mid-range (80K–1.5L),13.04,55.0,2020,697099,4.13,156
BK004,BR01,Hero Glamour,Hero MotoCorp,Commuter,Petrol,False,82000,124.7,10.69,10.6,55.0,125,98,0.0,0.0,2018,4.2,Mid-range (80K–1.5L),13.04,55.0,2021,842591,4.13,156
BK004,BR01,Hero Glamour,Hero MotoCorp,Commuter,Petrol,False,82000,124.7,10.69,10.6,55.0,125,98,0.0,0.0,2018,4.2,Mid-range (80K–1.5L),13.04,55.0,2022,944086,4.13,156
BK004,BR01,Hero Glamour,Hero MotoCorp,Commuter,Petrol,False,82000,124.7,10.69,10.6,55.0,125,98,0.0,0.0,2018,4.2,Mid-range (80K–1.5L),13.04,55.0,2023,983478,4.13,156
BK005,BR01,Hero Xtreme 160R,Hero MotoCorp,Sports,Petrol,False,115000,163.0,15.2,14.0,45.0,149,109,0.0,0.0,2020,4.3,Mid-range (80K–1.5L),13.22,45.0,2019,265467,4.31,154
BK005,BR01,Hero Xtreme 160R,Hero MotoCorp,Sports,Petrol,False,115000,163.0,15.2,14.0,45.0,149,109,0.0,0.0,2020,4.3,Mid-range (80K–1.5L),13.22,45.0,2020,213164,4.31,154
BK005,BR01,Hero Xtreme 160R,Hero MotoCorp,Sports,Petrol,False,115000,163.0,15.2,14.0,45.0,149,109,0.0,0.0,2020,4.3,Mid-range (80K–1.5L),13.22,45.0,2021,256511,4.31,154
BK005,BR01,Hero Xtreme 160R,Hero MotoCorp,Sports,Petrol,False,115000,163.0,15.2,14.0,45.0,149,109,0.0,0.0,2020,4.3,Mid-range (80K–1.5L),13.22,45.0,2022,298697,4.31,154
BK005,BR01,Hero Xtreme 160R,Hero MotoCorp,Sports,Petrol,False,115000,163.0,15.2,14.0,45.0,149,109,0.0,0.0,2020,4.3,Mid-range (80K–1.5L),13.22,45.0,2023,310581,4.31,154
BK006,BR01,Hero XPulse 200,Hero MotoCorp,Adventure,Petrol,False,138000,199.6,18.8,17.35,40.0,157,127,0.0,0.0,2019,4.4,Mid-range (80K–1.5L),13.62,40.0,2019,85663,4.34,91
BK006,BR01,Hero XPulse 200,Hero MotoCorp,Adventure,Petrol,False,138000,199.6,18.8,17.35,40.0,157,127,0.0,0.0,2019,4.4,Mid-range (80K–1.5L),13.62,40.0,2020,70642,4.34,91
BK006,BR01,Hero XPulse 200,Hero MotoCorp,Adventure,Petrol,False,138000,199.6,18.8,17.35,40.0,157,127,0.0,0.0,2019,4.4,Mid-range (80K–1.5L),13.62,40.0,2021,81719,4.34,91
BK006,BR01,Hero XPulse 200,Hero MotoCorp,Adventure,Petrol,False,138000,199.6,18.8,17.35,40.0,157,127,0.0,0.0,2019,4.4,Mid-range (80K–1.5L),13.62,40.0,2022,93083,4.34,91
BK006,BR01,Hero XPulse 200,Hero MotoCorp,Adventure,Petrol,False,138000,199.6,18.8,17.35,40.0,157,127,0.0,0.0,2019,4.4,Mid-range (80K–1.5L),13.62,40.0,2023,98485,4.34,91
BK007,BR02,Honda Shine,Honda,Commuter,Petrol,False,80000,123.94,10.59,11.0,60.0,122,95,0.0,0.0,2016,4.2,Mid-range (80K–1.5L),13.24,60.0,2019,965826,4.12,92
BK007,BR02,Honda Shine,Honda,Commuter,Petrol,False,80000,123.94,10.59,11.0,60.0,122,95,0.0,0.0,2016,4.2,Mid-range (80K–1.5L),13.24,60.0,2020,778047,4.12,92
BK007,BR02,Honda Shine,Honda,Commuter,Petrol,False,80000,123.94,10.59,11.0,60.0,122,95,0.0,0.0,2016,4.2,Mid-range (80K–1.5L),13.24,60.0,2021,926844,4.12,92
BK007,BR02,Honda Shine,Honda,Commuter,Petrol,False,80000,123.94,10.59,11.0,60.0,122,95,0.0,0.0,2016,4.2,Mid-range (80K–1.5L),13.24,60.0,2022,1059912,4.12,92
BK007,BR02,Honda Shine,Honda,Commuter,Petrol,False,80000,123.94,10.59,11.0,60.0,122,95,0.0,0.0,2016,4.2,Mid-range (80K–1.5L),13.24,60.0,2023,1123051,4.12,92
BK008,BR02,Honda SP 125,Honda,Commuter,Petrol,False,84000,123.94,10.59,11.0,65.0,118,98,0.0,0.0,2019,4.3,Mid-range (80K–1.5L),12.61,65.0,2019,749228,4.23,116
BK008,BR02,Honda SP 125,Honda,Commuter,Petrol,False,84000,123.94,10.59,11.0,65.0,118,98,0.0,0.0,2019,4.3,Mid-range (80K–1.5L),12.61,65.0,2020,594545,4.23,116
BK008,BR02,Honda SP 125,Honda,Commuter,Petrol,False,84000,123.94,10.59,11.0,65.0,118,98,0.0,0.0,2019,4.3,Mid-range (80K–1.5L),12.61,65.0,2021,707686,4.23,116
BK008,BR02,Honda SP 125,Honda,Commuter,Petrol,False,84000,123.94,10.59,11.0,65.0,118,98,0.0,0.0,2019,4.3,Mid-range (80K–1.5L),12.61,65.0,2022,832108,4.23,116
BK008,BR02,Honda SP 125,Honda,Commuter,Petrol,False,84000,123.94,10.59,11.0,65.0,118,98,0.0,0.0,2019,4.3,Mid-range (80K–1.5L),12.61,65.0,2023,875068,4.23,116
BK009,BR02,Honda Unicorn,Honda,Commuter,Petrol,False,103000,162.71,13.4,14.2,50.0,146,107,0.0,0.0,2015,4.3,Mid-range (80K–1.5L),13.01,50.0,2019,422139,4.36,62
BK009,BR02,Honda Unicorn,Honda,Commuter,Petrol,False,103000,162.71,13.4,14.2,50.0,146,107,0.0,0.0,2015,4.3,Mid-range (80K–1.5L),13.01,50.0,2020,345383,4.36,62
BK009,BR02,Honda Unicorn,Honda,Commuter,Petrol,False,103000,162.71,13.4,14.2,50.0,146,107,0.0,0.0,2015,4.3,Mid-range (80K–1.5L),13.01,50.0,2021,402537,4.36,62
BK009,BR02,Honda Unicorn,Honda,Commuter,Petrol,False,103000,162.71,13.4,14.2,50.0,146,107,0.0,0.0,2015,4.3,Mid-range (80K–1.5L),13.01,50.0,2022,464719,4.36,62
BK009,BR02,Honda Unicorn,Honda,Commuter,Petrol,False,103000,162.71,13.4,14.2,50.0,146,107,0.0,0.0,2015,4.3,Mid-range (80K–1.5L),13.01,50.0,2023,484441,4.36,62
BK010,BR02,Honda Activa 6G,Honda,Scooter,Petrol,False,74000,109.51,7.68,8.79,60.0,107,88,0.0,0.0,2020,4.5,Budget (Under 80K),10.38,60.0,2019,3379251,4.46,114
BK010,BR02,Honda Activa 6G,Honda,Scooter,Petrol,False,74000,109.51,7.68,8.79,60.0,107,88,0.0,0.0,2020,4.5,Budget (Under 80K),10.38,60.0,2020,2835497,4.46,114
BK010,BR02,Honda Activa 6G,Honda,Scooter,Petrol,False,74000,109.51,7.68,8.79,60.0,107,88,0.0,0.0,2020,4.5,Budget (Under 80K),10.38,60.0,2021,3250388,4.46,114
BK010,BR02,Honda Activa 6G,Honda,Scooter,Petrol,False,74000,109.51,7.68,8.79,60.0,107,88,0.0,0.0,2020,4.5,Budget (Under 80K),10.38,60.0,2022,3846999,4.46,114
BK010,BR02,Honda Activa 6G,Honda,Scooter,Petrol,False,74000,109.51,7.68,8.79,60.0,107,88,0.0,0.0,2020,4.5,Budget (Under 80K),10.38,60.0,2023,3931147,4.46,114
BK011,BR02,Honda Activa 125,Honda,Scooter,Petrol,False,82000,124.0,8.29,10.3,55.0,111,92,0.0,0.0,2019,4.4,Mid-range (80K–1.5L),10.11,55.0,2019,859128,4.35,79
BK011,BR02,Honda Activa 125,Honda,Scooter,Petrol,False,82000,124.0,8.29,10.3,55.0,111,92,0.0,0.0,2019,4.4,Mid-range (80K–1.5L),10.11,55.0,2020,707987,4.35,79
BK011,BR02,Honda Activa 125,Honda,Scooter,Petrol,False,82000,124.0,8.29,10.3,55.0,111,92,0.0,0.0,2019,4.4,Mid-range (80K–1.5L),10.11,55.0,2021,809840,4.35,79
BK011,BR02,Honda Activa 125,Honda,Scooter,Petrol,False,82000,124.0,8.29,10.3,55.0,111,92,0.0,0.0,2019,4.4,Mid-range (80K–1.5L),10.11,55.0,2022,928877,4.35,79
BK011,BR02,Honda Activa 125,Honda,Scooter,Petrol,False,82000,124.0,8.29,10.3,55.0,111,92,0.0,0.0,2019,4.4,Mid-range (80K–1.5L),10.11,55.0,2023,1004510,4.35,79
BK012,BR02,Honda Dio,Honda,Scooter,Petrol,False,72000,109.51,7.68,8.79,55.0,102,85,0.0,0.0,2017,4.2,Budget (Under 80K),10.67,55.0,2019,523912,4.15,193
BK012,BR02,Honda Dio,Honda,Scooter,Petrol,False,72000,109.51,7.68,8.79,55.0,102,85,0.0,0.0,2017,4.2,Budget (Under 80K),10.67,55.0,2020,435069,4.15,193
BK012,BR02,Honda Dio,Honda,Scooter,Petrol,False,72000,109.51,7.68,8.79,55.0,102,85,0.0,0.0,2017,4.2,Budget (Under 80K),10.67,55.0,2021,513191,4.15,193
BK012,BR02,Honda Dio,Honda,Scooter,Petrol,False,72000,109.51,7.68,8.79,55.0,102,85,0.0,0.0,2017,4.2,Budget (Under 80K),10.67,55.0,2022,588446,4.15,193
BK012,BR02,Honda Dio,Honda,Scooter,Petrol,False,72000,109.51,7.68,8.79,55.0,102,85,0.0,0.0,2017,4.2,Budget (Under 80K),10.67,55.0,2023,617375,4.15,193
BK013,BR02,Honda Hornet 2.0,Honda,Sports,Petrol,False,135000,184.4,17.03,16.1,40.0,156,120,0.0,0.0,2020,4.3,Mid-range (80K–1.5L),12.61,40.0,2019,188217,4.19,112
BK013,BR02,Honda Hornet 2.0,Honda,Sports,Petrol,False,135000,184.4,17.03,16.1,40.0,156,120,0.0,0.0,2020,4.3,Mid-range (80K–1.5L),12.61,40.0,2020,153993,4.19,112
BK013,BR02,Honda Hornet 2.0,Honda,Sports,Petrol,False,135000,184.4,17.03,16.1,40.0,156,120,0.0,0.0,2020,4.3,Mid-range (80K–1.5L),12.61,40.0,2021,182256,4.19,112
BK013,BR02,Honda Hornet 2.0,Honda,Sports,Petrol,False,135000,184.4,17.03,16.1,40.0,156,120,0.0,0.0,2020,4.3,Mid-range (80K–1.5L),12.61,40.0,2022,218239,4.19,112
BK013,BR02,Honda Hornet 2.0,Honda,Sports,Petrol,False,135000,184.4,17.03,16.1,40.0,156,120,0.0,0.0,2020,4.3,Mid-range (80K–1.5L),12.61,40.0,2023,222971,4.19,112
BK014,BR02,Honda Highness CB350,Honda,Cruiser,Petrol,False,210000,348.36,21.0,30.0,35.0,182,133,0.0,0.0,2020,4.5,Premium (1.5L–2.5L),10.0,35.0,2019,128167,4.45,193
BK014,BR02,Honda Highness CB350,Honda,Cruiser,Petrol,False,210000,348.36,21.0,30.0,35.0,182,133,0.0,0.0,2020,4.5,Premium (1.5L–2.5L),10.0,35.0,2020,103409,4.45,193
BK014,BR02,Honda Highness CB350,Honda,Cruiser,Petrol,False,210000,348.36,21.0,30.0,35.0,182,133,0.0,0.0,2020,4.5,Premium (1.5L–2.5L),10.0,35.0,2021,122963,4.45,193
BK014,BR02,Honda Highness CB350,Honda,Cruiser,Petrol,False,210000,348.36,21.0,30.0,35.0,182,133,0.0,0.0,2020,4.5,Premium (1.5L–2.5L),10.0,35.0,2022,147188,4.45,193
BK014,BR02,Honda Highness CB350,Honda,Cruiser,Petrol,False,210000,348.36,21.0,30.0,35.0,182,133,0.0,0.0,2020,4.5,Premium (1.5L–2.5L),10.0,35.0,2023,146252,4.45,193
BK015,BR03,TVS Jupiter,TVS,Scooter,Petrol,False,76000,109.7,7.88,8.8,55.0,108,90,0.0,0.0,2016,4.3,Budget (Under 80K),10.37,55.0,2019,958093,4.17,88
BK015,BR03,TVS Jupiter,TVS,Scooter,Petrol,False,76000,109.7,7.88,8.8,55.0,108,90,0.0,0.0,2016,4.3,Budget (Under 80K),10.37,55.0,2020,791907,4.17,88
BK015,BR03,TVS Jupiter,TVS,Scooter,Petrol,False,76000,109.7,7.88,8.8,55.0,108,90,0.0,0.0,2016,4.3,Budget (Under 80K),10.37,55.0,2021,920801,4.17,88
BK015,BR03,TVS Jupiter,TVS,Scooter,Petrol,False,76000,109.7,7.88,8.8,55.0,108,90,0.0,0.0,2016,4.3,Budget (Under 80K),10.37,55.0,2022,1100228,4.17,88
BK015,BR03,TVS Jupiter,TVS,Scooter,Petrol,False,76000,109.7,7.88,8.8,55.0,108,90,0.0,0.0,2016,4.3,Budget (Under 80K),10.37,55.0,2023,1143869,4.17,88
BK016,BR03,TVS NTORQ 125,TVS,Scooter,Petrol,False,88000,124.8,9.38,10.5,45.0,118,95,0.0,0.0,2018,4.4,Mid-range (80K–1.5L),10.66,45.0,2019,486092,4.28,92
BK016,BR03,TVS NTORQ 125,TVS,Scooter,Petrol,False,88000,124.8,9.38,10.5,45.0,118,95,0.0,0.0,2018,4.4,Mid-range (80K–1.5L),10.66,45.0,2020,391714,4.28,92
BK016,BR03,TVS NTORQ 125,TVS,Scooter,Petrol,False,88000,124.8,9.38,10.5,45.0,118,95,0.0,0.0,2018,4.4,Mid-range (80K–1.5L),10.66,45.0,2021,453828,4.28,92
BK016,BR03,TVS NTORQ 125,TVS,Scooter,Petrol,False,88000,124.8,9.38,10.5,45.0,118,95,0.0,0.0,2018,4.4,Mid-range (80K–1.5L),10.66,45.0,2022,531046,4.28,92
BK016,BR03,TVS NTORQ 125,TVS,Scooter,Petrol,False,88000,124.8,9.38,10.5,45.0,118,95,0.0,0.0,2018,4.4,Mid-range (80K–1.5L),10.66,45.0,2023,562656,4.28,92
BK017,BR03,TVS Zest 110,TVS,Scooter,Petrol,False,65000,109.7,7.88,8.8,60.0,103,85,0.0,0.0,2015,4.0,Budget (Under 80K),12.12,60.0,2019,322486,3.81,84
BK017,BR03,TVS Zest 110,TVS,Scooter,Petrol,False,65000,109.7,7.88,8.8,60.0,103,85,0.0,0.0,2015,4.0,Budget (Under 80K),12.12,60.0,2020,256538,3.81,84
BK017,BR03,TVS Zest 110,TVS,Scooter,Petrol,False,65000,109.7,7.88,8.8,60.0,103,85,0.0,0.0,2015,4.0,Budget (Under 80K),12.12,60.0,2021,301866,3.81,84
BK017,BR03,TVS Zest 110,TVS,Scooter,Petrol,False,65000,109.7,7.88,8.8,60.0,103,85,0.0,0.0,2015,4.0,Budget (Under 80K),12.12,60.0,2022,367208,3.81,84
BK017,BR03,TVS Zest 110,TVS,Scooter,Petrol,False,65000,109.7,7.88,8.8,60.0,103,85,0.0,0.0,2015,4.0,Budget (Under 80K),12.12,60.0,2023,375477,3.81,84
BK018,BR03,TVS Apache RTR 160 4V,TVS,Sports,Petrol,False,118000,159.7,17.55,14.73,45.0,153,114,0.0,0.0,2018,4.4,Mid-range (80K–1.5L),14.87,45.0,2019,374622,4.41,189
BK018,BR03,TVS Apache RTR 160 4V,TVS,Sports,Petrol,False,118000,159.7,17.55,14.73,45.0,153,114,0.0,0.0,2018,4.4,Mid-range (80K–1.5L),14.87,45.0,2020,308601,4.41,189
BK018,BR03,TVS Apache RTR 160 4V,TVS,Sports,Petrol,False,118000,159.7,17.55,14.73,45.0,153,114,0.0,0.0,2018,4.4,Mid-range (80K–1.5L),14.87,45.0,2021,361886,4.41,189
BK018,BR03,TVS Apache RTR 160 4V,TVS,Sports,Petrol,False,118000,159.7,17.55,14.73,45.0,153,114,0.0,0.0,2018,4.4,Mid-range (80K–1.5L),14.87,45.0,2022,410521,4.41,189
BK018,BR03,TVS Apache RTR 160 4V,TVS,Sports,Petrol,False,118000,159.7,17.55,14.73,45.0,153,114,0.0,0.0,2018,4.4,Mid-range (80K–1.5L),14.87,45.0,2023,431117,4.41,189
BK019,BR03,TVS Apache RTR 200 4V,TVS,Sports,Petrol,False,142000,197.75,20.8,18.1,35.0,166,127,0.0,0.0,2018,4.4,Mid-range (80K–1.5L),14.65,35.0,2019,193076,4.34,182
BK019,BR03,TVS Apache RTR 200 4V,TVS,Sports,Petrol,False,142000,197.75,20.8,18.1,35.0,166,127,0.0,0.0,2018,4.4,Mid-range (80K–1.5L),14.65,35.0,2020,156576,4.34,182
BK019,BR03,TVS Apache RTR 200 4V,TVS,Sports,Petrol,False,142000,197.75,20.8,18.1,35.0,166,127,0.0,0.0,2018,4.4,Mid-range (80K–1.5L),14.65,35.0,2021,187889,4.34,182
BK019,BR03,TVS Apache RTR 200 4V,TVS,Sports,Petrol,False,142000,197.75,20.8,18.1,35.0,166,127,0.0,0.0,2018,4.4,Mid-range (80K–1.5L),14.65,35.0,2022,218913,4.34,182
BK019,BR03,TVS Apache RTR 200 4V,TVS,Sports,Petrol,False,142000,197.75,20.8,18.1,35.0,166,127,0.0,0.0,2018,4.4,Mid-range (80K–1.5L),14.65,35.0,2023,226364,4.34,182
BK020,BR03,TVS Apache RR 310,TVS,Sports,Petrol,False,270000,312.2,34.0,27.3,30.0,174,160,0.0,0.0,2018,4.6,Luxury (Above 2.5L),12.59,30.0,2019,26130,4.48,138
BK020,BR03,TVS Apache RR 310,TVS,Sports,Petrol,False,270000,312.2,34.0,27.3,30.0,174,160,0.0,0.0,2018,4.6,Luxury (Above 2.5L),12.59,30.0,2020,21303,4.48,138
BK020,BR03,TVS Apache RR 310,TVS,Sports,Petrol,False,270000,312.2,34.0,27.3,30.0,174,160,0.0,0.0,2018,4.6,Luxury (Above 2.5L),12.59,30.0,2021,26267,4.48,138
BK020,BR03,TVS Apache RR 310,TVS,Sports,Petrol,False,270000,312.2,34.0,27.3,30.0,174,160,0.0,0.0,2018,4.6,Luxury (Above 2.5L),12.59,30.0,2022,29221,4.48,138
BK020,BR03,TVS Apache RR 310,TVS,Sports,Petrol,False,270000,312.2,34.0,27.3,30.0,174,160,0.0,0.0,2018,4.6,Luxury (Above 2.5L),12.59,30.0,2023,30714,4.48,138
BK021,BR06,Suzuki Access 125,Suzuki,Scooter,Petrol,False,85000,124.0,8.58,10.0,55.0,104,95,0.0,0.0,2016,4.3,Mid-range (80K–1.5L),10.09,55.0,2019,525562,4.23,120
BK021,BR06,Suzuki Access 125,Suzuki,Scooter,Petrol,False,85000,124.0,8.58,10.0,55.0,104,95,0.0,0.0,2016,4.3,Mid-range (80K–1.5L),10.09,55.0,2020,435917,4.23,120
BK021,BR06,Suzuki Access 125,Suzuki,Scooter,Petrol,False,85000,124.0,8.58,10.0,55.0,104,95,0.0,0.0,2016,4.3,Mid-range (80K–1.5L),10.09,55.0,2021,521222,4.23,120
BK021,BR06,Suzuki Access 125,Suzuki,Scooter,Petrol,False,85000,124.0,8.58,10.0,55.0,104,95,0.0,0.0,2016,4.3,Mid-range (80K–1.5L),10.09,55.0,2022,590499,4.23,120
BK021,BR06,Suzuki Access 125,Suzuki,Scooter,Petrol,False,85000,124.0,8.58,10.0,55.0,104,95,0.0,0.0,2016,4.3,Mid-range (80K–1.5L),10.09,55.0,2023,616047,4.23,120
BK022,BR06,Suzuki Burgman Street,Suzuki,Scooter,Petrol,False,95000,124.0,8.58,10.0,50.0,108,98,0.0,0.0,2018,4.3,Mid-range (80K–1.5L),9.03,50.0,2019,127792,4.24,153
BK022,BR06,Suzuki Burgman Street,Suzuki,Scooter,Petrol,False,95000,124.0,8.58,10.0,50.0,108,98,0.0,0.0,2018,4.3,Mid-range (80K–1.5L),9.03,50.0,2020,104505,4.24,153
BK022,BR06,Suzuki Burgman Street,Suzuki,Scooter,Petrol,False,95000,124.0,8.58,10.0,50.0,108,98,0.0,0.0,2018,4.3,Mid-range (80K–1.5L),9.03,50.0,2021,121588,4.24,153
BK022,BR06,Suzuki Burgman Street,Suzuki,Scooter,Petrol,False,95000,124.0,8.58,10.0,50.0,108,98,0.0,0.0,2018,4.3,Mid-range (80K–1.5L),9.03,50.0,2022,142897,4.24,153
BK022,BR06,Suzuki Burgman Street,Suzuki,Scooter,Petrol,False,95000,124.0,8.58,10.0,50.0,108,98,0.0,0.0,2018,4.3,Mid-range (80K–1.5L),9.03,50.0,2023,148091,4.24,153
BK023,BR06,Suzuki V-Strom 250,Suzuki,Adventure,Petrol,False,310000,248.8,26.5,22.2,30.0,187,145,0.0,0.0,2019,4.4,Luxury (Above 2.5L),8.55,30.0,2019,15956,4.34,71
BK023,BR06,Suzuki V-Strom 250,Suzuki,Adventure,Petrol,False,310000,248.8,26.5,22.2,30.0,187,145,0.0,0.0,2019,4.4,Luxury (Above 2.5L),8.55,30.0,2020,13149,4.34,71
BK023,BR06,Suzuki V-Strom 250,Suzuki,Adventure,Petrol,False,310000,248.8,26.5,22.2,30.0,187,145,0.0,0.0,2019,4.4,Luxury (Above 2.5L),8.55,30.0,2021,14805,4.34,71
BK023,BR06,Suzuki V-Strom 250,Suzuki,Adventure,Petrol,False,310000,248.8,26.5,22.2,30.0,187,145,0.0,0.0,2019,4.4,Luxury (Above 2.5L),8.55,30.0,2022,17744,4.34,71
BK023,BR06,Suzuki V-Strom 250,Suzuki,Adventure,Petrol,False,310000,248.8,26.5,22.2,30.0,187,145,0.0,0.0,2019,4.4,Luxury (Above 2.5L),8.55,30.0,2023,18482,4.34,71
BK024,BR04,Bajaj Pulsar 150,Bajaj,Sports,Petrol,False,115000,149.5,14.0,13.25,50.0,148,109,0.0,0.0,2013,4.2,Mid-range (80K–1.5L),12.17,50.0,2019,865466,4.03,56
BK024,BR04,Bajaj Pulsar 150,Bajaj,Sports,Petrol,False,115000,149.5,14.0,13.25,50.0,148,109,0.0,0.0,2013,4.2,Mid-range (80K–1.5L),12.17,50.0,2020,703321,4.03,56
BK024,BR04,Bajaj Pulsar 150,Bajaj,Sports,Petrol,False,115000,149.5,14.0,13.25,50.0,148,109,0.0,0.0,2013,4.2,Mid-range (80K–1.5L),12.17,50.0,2021,834324,4.03,56
BK024,BR04,Bajaj Pulsar 150,Bajaj,Sports,Petrol,False,115000,149.5,14.0,13.25,50.0,148,109,0.0,0.0,2013,4.2,Mid-range (80K–1.5L),12.17,50.0,2022,953755,4.03,56
BK024,BR04,Bajaj Pulsar 150,Bajaj,Sports,Petrol,False,115000,149.5,14.0,13.25,50.0,148,109,0.0,0.0,2013,4.2,Mid-range (80K–1.5L),12.17,50.0,2023,1001709,4.03,56
BK025,BR04,Bajaj Pulsar NS200,Bajaj,Sports,Petrol,False,145000,199.5,24.5,18.74,35.0,166,136,0.0,0.0,2017,4.4,Mid-range (80K–1.5L),16.9,35.0,2019,345581,4.33,137
BK025,BR04,Bajaj Pulsar NS200,Bajaj,Sports,Petrol,False,145000,199.5,24.5,18.74,35.0,166,136,0.0,0.0,2017,4.4,Mid-range (80K–1.5L),16.9,35.0,2020,280273,4.33,137
BK025,BR04,Bajaj Pulsar NS200,Bajaj,Sports,Petrol,False,145000,199.5,24.5,18.74,35.0,166,136,0.0,0.0,2017,4.4,Mid-range (80K–1.5L),16.9,35.0,2021,330503,4.33,137
BK025,BR04,Bajaj Pulsar NS200,Bajaj,Sports,Petrol,False,145000,199.5,24.5,18.74,35.0,166,136,0.0,0.0,2017,4.4,Mid-range (80K–1.5L),16.9,35.0,2022,378649,4.33,137
BK025,BR04,Bajaj Pulsar NS200,Bajaj,Sports,Petrol,False,145000,199.5,24.5,18.74,35.0,166,136,0.0,0.0,2017,4.4,Mid-range (80K–1.5L),16.9,35.0,2023,411209,4.33,137
BK026,BR04,Bajaj Pulsar RS200,Bajaj,Sports,Petrol,False,165000,199.5,24.5,18.74,32.0,170,140,0.0,0.0,2017,4.3,Premium (1.5L–2.5L),14.85,32.0,2019,127880,4.42,43
BK026,BR04,Bajaj Pulsar RS200,Bajaj,Sports,Petrol,False,165000,199.5,24.5,18.74,32.0,170,140,0.0,0.0,2017,4.3,Premium (1.5L–2.5L),14.85,32.0,2020,103714,4.42,43
BK026,BR04,Bajaj Pulsar RS200,Bajaj,Sports,Petrol,False,165000,199.5,24.5,18.74,32.0,170,140,0.0,0.0,2017,4.3,Premium (1.5L–2.5L),14.85,32.0,2021,121904,4.42,43
BK026,BR04,Bajaj Pulsar RS200,Bajaj,Sports,Petrol,False,165000,199.5,24.5,18.74,32.0,170,140,0.0,0.0,2017,4.3,Premium (1.5L–2.5L),14.85,32.0,2022,141549,4.42,43
BK026,BR04,Bajaj Pulsar RS200,Bajaj,Sports,Petrol,False,165000,199.5,24.5,18.74,32.0,170,140,0.0,0.0,2017,4.3,Premium (1.5L–2.5L),14.85,32.0,2023,148971,4.42,43
BK027,BR04,Bajaj Pulsar N250,Bajaj,Sports,Petrol,False,145000,249.07,24.5,21.5,35.0,162,130,0.0,0.0,2021,4.3,Mid-range (80K–1.5L),16.9,35.0,2019,188135,4.21,142
BK027,BR04,Bajaj Pulsar N250,Bajaj,Sports,Petrol,False,145000,249.07,24.5,21.5,35.0,162,130,0.0,0.0,2021,4.3,Mid-range (80K–1.5L),16.9,35.0,2020,154568,4.21,142
BK027,BR04,Bajaj Pulsar N250,Bajaj,Sports,Petrol,False,145000,249.07,24.5,21.5,35.0,162,130,0.0,0.0,2021,4.3,Mid-range (80K–1.5L),16.9,35.0,2021,180066,4.21,142
BK027,BR04,Bajaj Pulsar N250,Bajaj,Sports,Petrol,False,145000,249.07,24.5,21.5,35.0,162,130,0.0,0.0,2021,4.3,Mid-range (80K–1.5L),16.9,35.0,2022,215622,4.21,142
BK027,BR04,Bajaj Pulsar N250,Bajaj,Sports,Petrol,False,145000,249.07,24.5,21.5,35.0,162,130,0.0,0.0,2021,4.3,Mid-range (80K–1.5L),16.9,35.0,2023,223658,4.21,142
BK028,BR04,Bajaj Dominar 400,Bajaj,Sports,Petrol,False,225000,373.3,40.0,35.0,28.0,187,148,0.0,0.0,2017,4.5,Premium (1.5L–2.5L),17.78,28.0,2019,96978,4.45,114
BK028,BR04,Bajaj Dominar 400,Bajaj,Sports,Petrol,False,225000,373.3,40.0,35.0,28.0,187,148,0.0,0.0,2017,4.5,Premium (1.5L–2.5L),17.78,28.0,2020,79210,4.45,114
BK028,BR04,Bajaj Dominar 400,Bajaj,Sports,Petrol,False,225000,373.3,40.0,35.0,28.0,187,148,0.0,0.0,2017,4.5,Premium (1.5L–2.5L),17.78,28.0,2021,93506,4.45,114
BK028,BR04,Bajaj Dominar 400,Bajaj,Sports,Petrol,False,225000,373.3,40.0,35.0,28.0,187,148,0.0,0.0,2017,4.5,Premium (1.5L–2.5L),17.78,28.0,2022,107062,4.45,114
BK028,BR04,Bajaj Dominar 400,Bajaj,Sports,Petrol,False,225000,373.3,40.0,35.0,28.0,187,148,0.0,0.0,2017,4.5,Premium (1.5L–2.5L),17.78,28.0,2023,113093,4.45,114
BK029,BR04,Bajaj Avenger Street 160,Bajaj,Cruiser,Petrol,False,112000,160.0,15.6,14.59,45.0,158,115,0.0,0.0,2015,4.1,Mid-range (80K–1.5L),13.93,45.0,2019,212356,3.98,43
BK029,BR04,Bajaj Avenger Street 160,Bajaj,Cruiser,Petrol,False,112000,160.0,15.6,14.59,45.0,158,115,0.0,0.0,2015,4.1,Mid-range (80K–1.5L),13.93,45.0,2020,175311,3.98,43
BK029,BR04,Bajaj Avenger Street 160,Bajaj,Cruiser,Petrol,False,112000,160.0,15.6,14.59,45.0,158,115,0.0,0.0,2015,4.1,Mid-range (80K–1.5L),13.93,45.0,2021,203863,3.98,43
BK029,BR04,Bajaj Avenger Street 160,Bajaj,Cruiser,Petrol,False,112000,160.0,15.6,14.59,45.0,158,115,0.0,0.0,2015,4.1,Mid-range (80K–1.5L),13.93,45.0,2022,240543,3.98,43
BK029,BR04,Bajaj Avenger Street 160,Bajaj,Cruiser,Petrol,False,112000,160.0,15.6,14.59,45.0,158,115,0.0,0.0,2015,4.1,Mid-range (80K–1.5L),13.93,45.0,2023,247209,3.98,43
BK030,BR04,Bajaj Avenger Cruise 220,Bajaj,Cruiser,Petrol,False,135000,220.0,19.03,17.55,40.0,172,120,0.0,0.0,2015,4.2,Mid-range (80K–1.5L),14.1,40.0,2019,159703,4.2,174
BK030,BR04,Bajaj Avenger Cruise 220,Bajaj,Cruiser,Petrol,False,135000,220.0,19.03,17.55,40.0,172,120,0.0,0.0,2015,4.2,Mid-range (80K–1.5L),14.1,40.0,2020,131524,4.2,174
BK030,BR04,Bajaj Avenger Cruise 220,Bajaj,Cruiser,Petrol,False,135000,220.0,19.03,17.55,40.0,172,120,0.0,0.0,2015,4.2,Mid-range (80K–1.5L),14.1,40.0,2021,154017,4.2,174
BK030,BR04,Bajaj Avenger Cruise 220,Bajaj,Cruiser,Petrol,False,135000,220.0,19.03,17.55,40.0,172,120,0.0,0.0,2015,4.2,Mid-range (80K–1.5L),14.1,40.0,2022,173691,4.2,174
BK030,BR04,Bajaj Avenger Cruise 220,Bajaj,Cruiser,Petrol,False,135000,220.0,19.03,17.55,40.0,172,120,0.0,0.0,2015,4.2,Mid-range (80K–1.5L),14.1,40.0,2023,184755,4.2,174
BK031,BR04,Bajaj CT 110,Bajaj,Commuter,Petrol,False,55000,115.45,8.6,9.81,85.0,118,88,0.0,0.0,2014,4.0,Budget (Under 80K),15.64,85.0,2019,1253453,3.91,86
BK031,BR04,Bajaj CT 110,Bajaj,Commuter,Petrol,False,55000,115.45,8.6,9.81,85.0,118,88,0.0,0.0,2014,4.0,Budget (Under 80K),15.64,85.0,2020,1034727,3.91,86
BK031,BR04,Bajaj CT 110,Bajaj,Commuter,Petrol,False,55000,115.45,8.6,9.81,85.0,118,88,0.0,0.0,2014,4.0,Budget (Under 80K),15.64,85.0,2021,1239766,3.91,86
BK031,BR04,Bajaj CT 110,Bajaj,Commuter,Petrol,False,55000,115.45,8.6,9.81,85.0,118,88,0.0,0.0,2014,4.0,Budget (Under 80K),15.64,85.0,2022,1404968,3.91,86
BK031,BR04,Bajaj CT 110,Bajaj,Commuter,Petrol,False,55000,115.45,8.6,9.81,85.0,118,88,0.0,0.0,2014,4.0,Budget (Under 80K),15.64,85.0,2023,1505850,3.91,86
BK032,BR05,Yamaha FZS FI V3,Yamaha,Sports,Petrol,False,115000,149.0,13.3,13.3,47.0,135,105,0.0,0.0,2019,4.3,Mid-range (80K–1.5L),11.57,47.0,2019,369022,4.23,111
BK032,BR05,Yamaha FZS FI V3,Yamaha,Sports,Petrol,False,115000,149.0,13.3,13.3,47.0,135,105,0.0,0.0,2019,4.3,Mid-range (80K–1.5L),11.57,47.0,2020,301839,4.23,111
BK032,BR05,Yamaha FZS FI V3,Yamaha,Sports,Petrol,False,115000,149.0,13.3,13.3,47.0,135,105,0.0,0.0,2019,4.3,Mid-range (80K–1.5L),11.57,47.0,2021,356532,4.23,111
BK032,BR05,Yamaha FZS FI V3,Yamaha,Sports,Petrol,False,115000,149.0,13.3,13.3,47.0,135,105,0.0,0.0,2019,4.3,Mid-range (80K–1.5L),11.57,47.0,2022,417877,4.23,111
BK032,BR05,Yamaha FZS FI V3,Yamaha,Sports,Petrol,False,115000,149.0,13.3,13.3,47.0,135,105,0.0,0.0,2019,4.3,Mid-range (80K–1.5L),11.57,47.0,2023,430125,4.23,111
BK033,BR05,Yamaha MT-15,Yamaha,Sports,Petrol,False,158000,155.0,18.37,14.1,40.0,142,128,0.0,0.0,2019,4.5,Premium (1.5L–2.5L),11.63,40.0,2019,190537,4.52,103
BK033,BR05,Yamaha MT-15,Yamaha,Sports,Petrol,False,158000,155.0,18.37,14.1,40.0,142,128,0.0,0.0,2019,4.5,Premium (1.5L–2.5L),11.63,40.0,2020,157131,4.52,103
BK033,BR05,Yamaha MT-15,Yamaha,Sports,Petrol,False,158000,155.0,18.37,14.1,40.0,142,128,0.0,0.0,2019,4.5,Premium (1.5L–2.5L),11.63,40.0,2021,183648,4.52,103
BK033,BR05,Yamaha MT-15,Yamaha,Sports,Petrol,False,158000,155.0,18.37,14.1,40.0,142,128,0.0,0.0,2019,4.5,Premium (1.5L–2.5L),11.63,40.0,2022,217626,4.52,103
BK033,BR05,Yamaha MT-15,Yamaha,Sports,Petrol,False,158000,155.0,18.37,14.1,40.0,142,128,0.0,0.0,2019,4.5,Premium (1.5L–2.5L),11.63,40.0,2023,222771,4.52,103
BK034,BR05,Yamaha R15 V4,Yamaha,Sports,Petrol,False,178000,155.0,18.37,14.2,38.0,141,136,0.0,0.0,2021,4.6,Premium (1.5L–2.5L),10.32,38.0,2019,235654,4.53,178
BK034,BR05,Yamaha R15 V4,Yamaha,Sports,Petrol,False,178000,155.0,18.37,14.2,38.0,141,136,0.0,0.0,2021,4.6,Premium (1.5L–2.5L),10.32,38.0,2020,188623,4.53,178
BK034,BR05,Yamaha R15 V4,Yamaha,Sports,Petrol,False,178000,155.0,18.37,14.2,38.0,141,136,0.0,0.0,2021,4.6,Premium (1.5L–2.5L),10.32,38.0,2021,220960,4.53,178
BK034,BR05,Yamaha R15 V4,Yamaha,Sports,Petrol,False,178000,155.0,18.37,14.2,38.0,141,136,0.0,0.0,2021,4.6,Premium (1.5L–2.5L),10.32,38.0,2022,259189,4.53,178
BK034,BR05,Yamaha R15 V4,Yamaha,Sports,Petrol,False,178000,155.0,18.37,14.2,38.0,141,136,0.0,0.0,2021,4.6,Premium (1.5L–2.5L),10.32,38.0,2023,273703,4.53,178
BK035,BR05,Yamaha FZ 25,Yamaha,Sports,Petrol,False,142000,249.0,20.8,20.1,35.0,160,130,0.0,0.0,2017,4.3,Mid-range (80K–1.5L),14.65,35.0,2019,126875,4.22,142
BK035,BR05,Yamaha FZ 25,Yamaha,Sports,Petrol,False,142000,249.0,20.8,20.1,35.0,160,130,0.0,0.0,2017,4.3,Mid-range (80K–1.5L),14.65,35.0,2020,104153,4.22,142
BK035,BR05,Yamaha FZ 25,Yamaha,Sports,Petrol,False,142000,249.0,20.8,20.1,35.0,160,130,0.0,0.0,2017,4.3,Mid-range (80K–1.5L),14.65,35.0,2021,122954,4.22,142
BK035,BR05,Yamaha FZ 25,Yamaha,Sports,Petrol,False,142000,249.0,20.8,20.1,35.0,160,130,0.0,0.0,2017,4.3,Mid-range (80K–1.5L),14.65,35.0,2022,140047,4.22,142
BK035,BR05,Yamaha FZ 25,Yamaha,Sports,Petrol,False,142000,249.0,20.8,20.1,35.0,160,130,0.0,0.0,2017,4.3,Mid-range (80K–1.5L),14.65,35.0,2023,148154,4.22,142
BK036,BR05,Yamaha Fascino 125,Yamaha,Scooter,Petrol,False,78000,124.7,8.2,10.3,55.0,99,95,0.0,0.0,2020,4.3,Budget (Under 80K),10.51,55.0,2019,296819,4.3,81
BK036,BR05,Yamaha Fascino 125,Yamaha,Scooter,Petrol,False,78000,124.7,8.2,10.3,55.0,99,95,0.0,0.0,2020,4.3,Budget (Under 80K),10.51,55.0,2020,241685,4.3,81
BK036,BR05,Yamaha Fascino 125,Yamaha,Scooter,Petrol,False,78000,124.7,8.2,10.3,55.0,99,95,0.0,0.0,2020,4.3,Budget (Under 80K),10.51,55.0,2021,288903,4.3,81
BK036,BR05,Yamaha Fascino 125,Yamaha,Scooter,Petrol,False,78000,124.7,8.2,10.3,55.0,99,95,0.0,0.0,2020,4.3,Budget (Under 80K),10.51,55.0,2022,331013,4.3,81
BK036,BR05,Yamaha Fascino 125,Yamaha,Scooter,Petrol,False,78000,124.7,8.2,10.3,55.0,99,95,0.0,0.0,2020,4.3,Budget (Under 80K),10.51,55.0,2023,344291,4.3,81
BK037,BR08,KTM Duke 200,KTM,Sports,Petrol,False,188000,199.5,25.0,19.3,35.0,159,136,0.0,0.0,2016,4.5,Premium (1.5L–2.5L),13.3,35.0,2019,127856,4.39,89
BK037,BR08,KTM Duke 200,KTM,Sports,Petrol,False,188000,199.5,25.0,19.3,35.0,159,136,0.0,0.0,2016,4.5,Premium (1.5L–2.5L),13.3,35.0,2020,104790,4.39,89
BK037,BR08,KTM Duke 200,KTM,Sports,Petrol,False,188000,199.5,25.0,19.3,35.0,159,136,0.0,0.0,2016,4.5,Premium (1.5L–2.5L),13.3,35.0,2021,121563,4.39,89
BK037,BR08,KTM Duke 200,KTM,Sports,Petrol,False,188000,199.5,25.0,19.3,35.0,159,136,0.0,0.0,2016,4.5,Premium (1.5L–2.5L),13.3,35.0,2022,144439,4.39,89
BK037,BR08,KTM Duke 200,KTM,Sports,Petrol,False,188000,199.5,25.0,19.3,35.0,159,136,0.0,0.0,2016,4.5,Premium (1.5L–2.5L),13.3,35.0,2023,148483,4.39,89
BK038,BR08,KTM Duke 390,KTM,Sports,Petrol,False,305000,373.2,43.5,37.0,25.0,171,167,0.0,0.0,2017,4.6,Luxury (Above 2.5L),14.26,25.0,2019,84965,4.54,94
BK038,BR08,KTM Duke 390,KTM,Sports,Petrol,False,305000,373.2,43.5,37.0,25.0,171,167,0.0,0.0,2017,4.6,Luxury (Above 2.5L),14.26,25.0,2020,69151,4.54,94
BK038,BR08,KTM Duke 390,KTM,Sports,Petrol,False,305000,373.2,43.5,37.0,25.0,171,167,0.0,0.0,2017,4.6,Luxury (Above 2.5L),14.26,25.0,2021,81807,4.54,94
BK038,BR08,KTM Duke 390,KTM,Sports,Petrol,False,305000,373.2,43.5,37.0,25.0,171,167,0.0,0.0,2017,4.6,Luxury (Above 2.5L),14.26,25.0,2022,95008,4.54,94
BK038,BR08,KTM Duke 390,KTM,Sports,Petrol,False,305000,373.2,43.5,37.0,25.0,171,167,0.0,0.0,2017,4.6,Luxury (Above 2.5L),14.26,25.0,2023,97499,4.54,94
BK039,BR08,KTM RC 390,KTM,Sports,Petrol,False,315000,373.2,43.5,37.0,25.0,172,175,0.0,0.0,2017,4.5,Luxury (Above 2.5L),13.81,25.0,2019,32184,4.45,171
BK039,BR08,KTM RC 390,KTM,Sports,Petrol,False,315000,373.2,43.5,37.0,25.0,172,175,0.0,0.0,2017,4.5,Luxury (Above 2.5L),13.81,25.0,2020,25801,4.45,171
BK039,BR08,KTM RC 390,KTM,Sports,Petrol,False,315000,373.2,43.5,37.0,25.0,172,175,0.0,0.0,2017,4.5,Luxury (Above 2.5L),13.81,25.0,2021,32119,4.45,171
BK039,BR08,KTM RC 390,KTM,Sports,Petrol,False,315000,373.2,43.5,37.0,25.0,172,175,0.0,0.0,2017,4.5,Luxury (Above 2.5L),13.81,25.0,2022,35833,4.45,171
BK039,BR08,KTM RC 390,KTM,Sports,Petrol,False,315000,373.2,43.5,37.0,25.0,172,175,0.0,0.0,2017,4.5,Luxury (Above 2.5L),13.81,25.0,2023,37087,4.45,171
BK040,BR08,KTM Adventure 390,KTM,Adventure,Petrol,False,345000,373.2,43.5,37.0,24.0,185,162,0.0,0.0,2019,4.6,Luxury (Above 2.5L),12.61,24.0,2019,42662,4.52,83
BK040,BR08,KTM Adventure 390,KTM,Adventure,Petrol,False,345000,373.2,43.5,37.0,24.0,185,162,0.0,0.0,2019,4.6,Luxury (Above 2.5L),12.61,24.0,2020,33675,4.52,83
BK040,BR08,KTM Adventure 390,KTM,Adventure,Petrol,False,345000,373.2,43.5,37.0,24.0,185,162,0.0,0.0,2019,4.6,Luxury (Above 2.5L),12.61,24.0,2021,41628,4.52,83
BK040,BR08,KTM Adventure 390,KTM,Adventure,Petrol,False,345000,373.2,43.5,37.0,24.0,185,162,0.0,0.0,2019,4.6,Luxury (Above 2.5L),12.61,24.0,2022,46551,4.52,83
BK040,BR08,KTM Adventure 390,KTM,Adventure,Petrol,False,345000,373.2,43.5,37.0,24.0,185,162,0.0,0.0,2019,4.6,Luxury (Above 2.5L),12.61,24.0,2023,48015,4.52,83
BK041,BR07,Royal Enfield Classic 350,Royal Enfield,Cruiser,Petrol,False,192000,349.0,20.2,27.0,35.0,195,128,0.0,0.0,2010,4.5,Premium (1.5L–2.5L),10.52,35.0,2019,914882,4.49,191
BK041,BR07,Royal Enfield Classic 350,Royal Enfield,Cruiser,Petrol,False,192000,349.0,20.2,27.0,35.0,195,128,0.0,0.0,2010,4.5,Premium (1.5L–2.5L),10.52,35.0,2020,735867,4.49,191
BK041,BR07,Royal Enfield Classic 350,Royal Enfield,Cruiser,Petrol,False,192000,349.0,20.2,27.0,35.0,195,128,0.0,0.0,2010,4.5,Premium (1.5L–2.5L),10.52,35.0,2021,866002,4.49,191
BK041,BR07,Royal Enfield Classic 350,Royal Enfield,Cruiser,Petrol,False,192000,349.0,20.2,27.0,35.0,195,128,0.0,0.0,2010,4.5,Premium (1.5L–2.5L),10.52,35.0,2022,1015515,4.49,191
BK041,BR07,Royal Enfield Classic 350,Royal Enfield,Cruiser,Petrol,False,192000,349.0,20.2,27.0,35.0,195,128,0.0,0.0,2010,4.5,Premium (1.5L–2.5L),10.52,35.0,2023,1042831,4.49,191
BK042,BR07,Royal Enfield Meteor 350,Royal Enfield,Cruiser,Petrol,False,205000,349.0,20.2,27.0,35.0,191,130,0.0,0.0,2020,4.5,Premium (1.5L–2.5L),9.85,35.0,2019,433982,4.36,79
BK042,BR07,Royal Enfield Meteor 350,Royal Enfield,Cruiser,Petrol,False,205000,349.0,20.2,27.0,35.0,191,130,0.0,0.0,2020,4.5,Premium (1.5L–2.5L),9.85,35.0,2020,348317,4.36,79
BK042,BR07,Royal Enfield Meteor 350,Royal Enfield,Cruiser,Petrol,False,205000,349.0,20.2,27.0,35.0,191,130,0.0,0.0,2020,4.5,Premium (1.5L–2.5L),9.85,35.0,2021,405582,4.36,79
BK042,BR07,Royal Enfield Meteor 350,Royal Enfield,Cruiser,Petrol,False,205000,349.0,20.2,27.0,35.0,191,130,0.0,0.0,2020,4.5,Premium (1.5L–2.5L),9.85,35.0,2022,482918,4.36,79
BK042,BR07,Royal Enfield Meteor 350,Royal Enfield,Cruiser,Petrol,False,205000,349.0,20.2,27.0,35.0,191,130,0.0,0.0,2020,4.5,Premium (1.5L–2.5L),9.85,35.0,2023,483416,4.36,79
BK043,BR07,Royal Enfield Bullet 350,Royal Enfield,Cruiser,Petrol,False,175000,346.0,19.1,28.0,40.0,191,120,0.0,0.0,2008,4.3,Premium (1.5L–2.5L),10.91,40.0,2019,544719,4.24,50
BK043,BR07,Royal Enfield Bullet 350,Royal Enfield,Cruiser,Petrol,False,175000,346.0,19.1,28.0,40.0,191,120,0.0,0.0,2008,4.3,Premium (1.5L–2.5L),10.91,40.0,2020,423736,4.24,50
BK043,BR07,Royal Enfield Bullet 350,Royal Enfield,Cruiser,Petrol,False,175000,346.0,19.1,28.0,40.0,191,120,0.0,0.0,2008,4.3,Premium (1.5L–2.5L),10.91,40.0,2021,517897,4.24,50
BK043,BR07,Royal Enfield Bullet 350,Royal Enfield,Cruiser,Petrol,False,175000,346.0,19.1,28.0,40.0,191,120,0.0,0.0,2008,4.3,Premium (1.5L–2.5L),10.91,40.0,2022,582856,4.24,50
BK043,BR07,Royal Enfield Bullet 350,Royal Enfield,Cruiser,Petrol,False,175000,346.0,19.1,28.0,40.0,191,120,0.0,0.0,2008,4.3,Premium (1.5L–2.5L),10.91,40.0,2023,629677,4.24,50
BK044,BR07,Royal Enfield Hunter 350,Royal Enfield,Cruiser,Petrol,False,150000,349.0,20.2,27.0,35.0,181,124,0.0,0.0,2022,4.4,Premium (1.5L–2.5L),13.47,35.0,2019,373168,4.39,150
BK044,BR07,Royal Enfield Hunter 350,Royal Enfield,Cruiser,Petrol,False,150000,349.0,20.2,27.0,35.0,181,124,0.0,0.0,2022,4.4,Premium (1.5L–2.5L),13.47,35.0,2020,298910,4.39,150
BK044,BR07,Royal Enfield Hunter 350,Royal Enfield,Cruiser,Petrol,False,150000,349.0,20.2,27.0,35.0,181,124,0.0,0.0,2022,4.4,Premium (1.5L–2.5L),13.47,35.0,2021,358824,4.39,150
BK044,BR07,Royal Enfield Hunter 350,Royal Enfield,Cruiser,Petrol,False,150000,349.0,20.2,27.0,35.0,181,124,0.0,0.0,2022,4.4,Premium (1.5L–2.5L),13.47,35.0,2022,426517,4.39,150
BK044,BR07,Royal Enfield Hunter 350,Royal Enfield,Cruiser,Petrol,False,150000,349.0,20.2,27.0,35.0,181,124,0.0,0.0,2022,4.4,Premium (1.5L–2.5L),13.47,35.0,2023,437527,4.39,150
BK045,BR07,Royal Enfield Himalayan,Royal Enfield,Adventure,Petrol,False,215000,411.0,24.3,32.0,30.0,199,140,0.0,0.0,2016,4.4,Premium (1.5L–2.5L),11.3,30.0,2019,189722,4.34,161
BK045,BR07,Royal Enfield Himalayan,Royal Enfield,Adventure,Petrol,False,215000,411.0,24.3,32.0,30.0,199,140,0.0,0.0,2016,4.4,Premium (1.5L–2.5L),11.3,30.0,2020,155412,4.34,161
BK045,BR07,Royal Enfield Himalayan,Royal Enfield,Adventure,Petrol,False,215000,411.0,24.3,32.0,30.0,199,140,0.0,0.0,2016,4.4,Premium (1.5L–2.5L),11.3,30.0,2021,181703,4.34,161
BK045,BR07,Royal Enfield Himalayan,Royal Enfield,Adventure,Petrol,False,215000,411.0,24.3,32.0,30.0,199,140,0.0,0.0,2016,4.4,Premium (1.5L–2.5L),11.3,30.0,2022,213573,4.34,161
BK045,BR07,Royal Enfield Himalayan,Royal Enfield,Adventure,Petrol,False,215000,411.0,24.3,32.0,30.0,199,140,0.0,0.0,2016,4.4,Premium (1.5L–2.5L),11.3,30.0,2023,224904,4.34,161
BK046,BR07,Royal Enfield Thunderbird 350,Royal Enfield,Cruiser,Petrol,False,180000,346.0,19.8,28.0,38.0,187,125,0.0,0.0,2012,4.3,Premium (1.5L–2.5L),11.0,38.0,2019,219161,4.21,65
BK046,BR07,Royal Enfield Thunderbird 350,Royal Enfield,Cruiser,Petrol,False,180000,346.0,19.8,28.0,38.0,187,125,0.0,0.0,2012,4.3,Premium (1.5L–2.5L),11.0,38.0,2020,174153,4.21,65
BK046,BR07,Royal Enfield Thunderbird 350,Royal Enfield,Cruiser,Petrol,False,180000,346.0,19.8,28.0,38.0,187,125,0.0,0.0,2012,4.3,Premium (1.5L–2.5L),11.0,38.0,2021,211209,4.21,65
BK046,BR07,Royal Enfield Thunderbird 350,Royal Enfield,Cruiser,Petrol,False,180000,346.0,19.8,28.0,38.0,187,125,0.0,0.0,2012,4.3,Premium (1.5L–2.5L),11.0,38.0,2022,237540,4.21,65
BK046,BR07,Royal Enfield Thunderbird 350,Royal Enfield,Cruiser,Petrol,False,180000,346.0,19.8,28.0,38.0,187,125,0.0,0.0,2012,4.3,Premium (1.5L–2.5L),11.0,38.0,2023,247338,4.21,65
BK047,BR09,BMW G 310 GS,BMW,Adventure,Petrol,False,395000,312.2,34.0,28.0,30.0,170,160,0.0,0.0,2018,4.5,Luxury (Above 2.5L),8.61,30.0,2019,12728,4.45,149
BK047,BR09,BMW G 310 GS,BMW,Adventure,Petrol,False,395000,312.2,34.0,28.0,30.0,170,160,0.0,0.0,2018,4.5,Luxury (Above 2.5L),8.61,30.0,2020,10164,4.45,149
BK047,BR09,BMW G 310 GS,BMW,Adventure,Petrol,False,395000,312.2,34.0,28.0,30.0,170,160,0.0,0.0,2018,4.5,Luxury (Above 2.5L),8.61,30.0,2021,12042,4.45,149
BK047,BR09,BMW G 310 GS,BMW,Adventure,Petrol,False,395000,312.2,34.0,28.0,30.0,170,160,0.0,0.0,2018,4.5,Luxury (Above 2.5L),8.61,30.0,2022,14143,4.45,149
BK047,BR09,BMW G 310 GS,BMW,Adventure,Petrol,False,395000,312.2,34.0,28.0,30.0,170,160,0.0,0.0,2018,4.5,Luxury (Above 2.5L),8.61,30.0,2023,14977,4.45,149
BK048,BR10,Jawa 42,Jawa,Cruiser,Petrol,False,180000,294.0,27.3,28.1,35.0,170,125,0.0,0.0,2018,4.2,Premium (1.5L–2.5L),15.17,35.0,2019,63650,4.19,149
BK048,BR10,Jawa 42,Jawa,Cruiser,Petrol,False,180000,294.0,27.3,28.1,35.0,170,125,0.0,0.0,2018,4.2,Premium (1.5L–2.5L),15.17,35.0,2020,52862,4.19,149
BK048,BR10,Jawa 42,Jawa,Cruiser,Petrol,False,180000,294.0,27.3,28.1,35.0,170,125,0.0,0.0,2018,4.2,Premium (1.5L–2.5L),15.17,35.0,2021,60835,4.19,149
BK048,BR10,Jawa 42,Jawa,Cruiser,Petrol,False,180000,294.0,27.3,28.1,35.0,170,125,0.0,0.0,2018,4.2,Premium (1.5L–2.5L),15.17,35.0,2022,70876,4.19,149
BK048,BR10,Jawa 42,Jawa,Cruiser,Petrol,False,180000,294.0,27.3,28.1,35.0,170,125,0.0,0.0,2018,4.2,Premium (1.5L–2.5L),15.17,35.0,2023,72825,4.19,149
BK049,BR01,Hero Destini 125,Hero MotoCorp,Scooter,Petrol,False,75000,124.6,8.73,10.2,51.0,107,90,0.0,0.0,2018,4.1,Budget (Under 80K),11.64,51.0,2019,410244,4.1,126
BK049,BR01,Hero Destini 125,Hero MotoCorp,Scooter,Petrol,False,75000,124.6,8.73,10.2,51.0,107,90,0.0,0.0,2018,4.1,Budget (Under 80K),11.64,51.0,2020,347950,4.1,126
BK049,BR01,Hero Destini 125,Hero MotoCorp,Scooter,Petrol,False,75000,124.6,8.73,10.2,51.0,107,90,0.0,0.0,2018,4.1,Budget (Under 80K),11.64,51.0,2021,413568,4.1,126
BK049,BR01,Hero Destini 125,Hero MotoCorp,Scooter,Petrol,False,75000,124.6,8.73,10.2,51.0,107,90,0.0,0.0,2018,4.1,Budget (Under 80K),11.64,51.0,2022,480015,4.1,126
BK049,BR01,Hero Destini 125,Hero MotoCorp,Scooter,Petrol,False,75000,124.6,8.73,10.2,51.0,107,90,0.0,0.0,2018,4.1,Budget (Under 80K),11.64,51.0,2023,496682,4.1,126
BK050,BR02,Honda Grazia,Honda,Scooter,Petrol,False,80000,124.0,8.2,10.3,52.0,107,90,0.0,0.0,2017,4.2,Mid-range (80K–1.5L),10.25,52.0,2019,262768,4.11,99
BK050,BR02,Honda Grazia,Honda,Scooter,Petrol,False,80000,124.0,8.2,10.3,52.0,107,90,0.0,0.0,2017,4.2,Mid-range (80K–1.5L),10.25,52.0,2020,214242,4.11,99
BK050,BR02,Honda Grazia,Honda,Scooter,Petrol,False,80000,124.0,8.2,10.3,52.0,107,90,0.0,0.0,2017,4.2,Mid-range (80K–1.5L),10.25,52.0,2021,256973,4.11,99
BK050,BR02,Honda Grazia,Honda,Scooter,Petrol,False,80000,124.0,8.2,10.3,52.0,107,90,0.0,0.0,2017,4.2,Mid-range (80K–1.5L),10.25,52.0,2022,297948,4.11,99
BK050,BR02,Honda Grazia,Honda,Scooter,Petrol,False,80000,124.0,8.2,10.3,52.0,107,90,0.0,0.0,2017,4.2,Mid-range (80K–1.5L),10.25,52.0,2023,309833,4.11,99
BK051,BR11,Ola S1 Pro,Ola Electric,Electric Scooter,Electric,True,140000,0.0,8.5,58.0,0.0,125,116,4.0,181.0,2021,4.0,Mid-range (80K–1.5L),6.07,181.0,2019,0,4.01,142
BK051,BR11,Ola S1 Pro,Ola Electric,Electric Scooter,Electric,True,140000,0.0,8.5,58.0,0.0,125,116,4.0,181.0,2021,4.0,Mid-range (80K–1.5L),6.07,181.0,2020,0,4.01,142
BK051,BR11,Ola S1 Pro,Ola Electric,Electric Scooter,Electric,True,140000,0.0,8.5,58.0,0.0,125,116,4.0,181.0,2021,4.0,Mid-range (80K–1.5L),6.07,181.0,2021,81714,4.01,142
BK051,BR11,Ola S1 Pro,Ola Electric,Electric Scooter,Electric,True,140000,0.0,8.5,58.0,0.0,125,116,4.0,181.0,2021,4.0,Mid-range (80K–1.5L),6.07,181.0,2022,344121,4.01,142
BK051,BR11,Ola S1 Pro,Ola Electric,Electric Scooter,Electric,True,140000,0.0,8.5,58.0,0.0,125,116,4.0,181.0,2021,4.0,Mid-range (80K–1.5L),6.07,181.0,2023,676155,4.01,142
BK052,BR11,Ola S1 Air,Ola Electric,Electric Scooter,Electric,True,105000,0.0,6.0,50.0,0.0,99,90,2.5,101.0,2023,3.8,Mid-range (80K–1.5L),5.71,101.0,2019,0,3.75,153
BK052,BR11,Ola S1 Air,Ola Electric,Electric Scooter,Electric,True,105000,0.0,6.0,50.0,0.0,99,90,2.5,101.0,2023,3.8,Mid-range (80K–1.5L),5.71,101.0,2020,0,3.75,153
BK052,BR11,Ola S1 Air,Ola Electric,Electric Scooter,Electric,True,105000,0.0,6.0,50.0,0.0,99,90,2.5,101.0,2023,3.8,Mid-range (80K–1.5L),5.71,101.0,2021,0,3.75,153
BK052,BR11,Ola S1 Air,Ola Electric,Electric Scooter,Electric,True,105000,0.0,6.0,50.0,0.0,99,90,2.5,101.0,2023,3.8,Mid-range (80K–1.5L),5.71,101.0,2022,119402,3.75,153
BK052,BR11,Ola S1 Air,Ola Electric,Electric Scooter,Electric,True,105000,0.0,6.0,50.0,0.0,99,90,2.5,101.0,2023,3.8,Mid-range (80K–1.5L),5.71,101.0,2023,291956,3.75,153
BK053,BR11,Ola S1 X,Ola Electric,Electric Scooter,Electric,True,90000,0.0,5.5,45.0,0.0,99,85,2.0,91.0,2023,3.7,Mid-range (80K–1.5L),6.11,91.0,2019,0,3.73,179
BK053,BR11,Ola S1 X,Ola Electric,Electric Scooter,Electric,True,90000,0.0,5.5,45.0,0.0,99,85,2.0,91.0,2023,3.7,Mid-range (80K–1.5L),6.11,91.0,2020,0,3.73,179
BK053,BR11,Ola S1 X,Ola Electric,Electric Scooter,Electric,True,90000,0.0,5.5,45.0,0.0,99,85,2.0,91.0,2023,3.7,Mid-range (80K–1.5L),6.11,91.0,2021,0,3.73,179
BK053,BR11,Ola S1 X,Ola Electric,Electric Scooter,Electric,True,90000,0.0,5.5,45.0,0.0,99,85,2.0,91.0,2023,3.7,Mid-range (80K–1.5L),6.11,91.0,2022,102495,3.73,179
BK053,BR11,Ola S1 X,Ola Electric,Electric Scooter,Electric,True,90000,0.0,5.5,45.0,0.0,99,85,2.0,91.0,2023,3.7,Mid-range (80K–1.5L),6.11,91.0,2023,275657,3.73,179
BK054,BR12,Ather 450X,Ather,Electric Scooter,Electric,True,145000,0.0,6.4,26.0,0.0,108,90,2.9,146.0,2021,4.3,Mid-range (80K–1.5L),4.41,146.0,2019,0,4.27,186
BK054,BR12,Ather 450X,Ather,Electric Scooter,Electric,True,145000,0.0,6.4,26.0,0.0,108,90,2.9,146.0,2021,4.3,Mid-range (80K–1.5L),4.41,146.0,2020,0,4.27,186
BK054,BR12,Ather 450X,Ather,Electric Scooter,Electric,True,145000,0.0,6.4,26.0,0.0,108,90,2.9,146.0,2021,4.3,Mid-range (80K–1.5L),4.41,146.0,2021,33506,4.27,186
BK054,BR12,Ather 450X,Ather,Electric Scooter,Electric,True,145000,0.0,6.4,26.0,0.0,108,90,2.9,146.0,2021,4.3,Mid-range (80K–1.5L),4.41,146.0,2022,156401,4.27,186
BK054,BR12,Ather 450X,Ather,Electric Scooter,Electric,True,145000,0.0,6.4,26.0,0.0,108,90,2.9,146.0,2021,4.3,Mid-range (80K–1.5L),4.41,146.0,2023,331949,4.27,186
BK055,BR12,Ather 450 Apex,Ather,Electric Scooter,Electric,True,190000,0.0,9.2,26.0,0.0,108,100,3.7,157.0,2023,4.4,Premium (1.5L–2.5L),4.84,157.0,2019,0,4.32,177
BK055,BR12,Ather 450 Apex,Ather,Electric Scooter,Electric,True,190000,0.0,9.2,26.0,0.0,108,100,3.7,157.0,2023,4.4,Premium (1.5L–2.5L),4.84,157.0,2020,0,4.32,177
BK055,BR12,Ather 450 Apex,Ather,Electric Scooter,Electric,True,190000,0.0,9.2,26.0,0.0,108,100,3.7,157.0,2023,4.4,Premium (1.5L–2.5L),4.84,157.0,2021,0,4.32,177
BK055,BR12,Ather 450 Apex,Ather,Electric Scooter,Electric,True,190000,0.0,9.2,26.0,0.0,108,100,3.7,157.0,2023,4.4,Premium (1.5L–2.5L),4.84,157.0,2022,0,4.32,177
BK055,BR12,Ather 450 Apex,Ather,Electric Scooter,Electric,True,190000,0.0,9.2,26.0,0.0,108,100,3.7,157.0,2023,4.4,Premium (1.5L–2.5L),4.84,157.0,2023,46398,4.32,177
BK056,BR12,Ather Rizta,Ather,Electric Scooter,Electric,True,110000,0.0,6.0,26.0,0.0,118,95,2.9,123.0,2024,4.2,Mid-range (80K–1.5L),5.45,123.0,2019,0,4.13,138
BK056,BR12,Ather Rizta,Ather,Electric Scooter,Electric,True,110000,0.0,6.0,26.0,0.0,118,95,2.9,123.0,2024,4.2,Mid-range (80K–1.5L),5.45,123.0,2020,0,4.13,138
BK056,BR12,Ather Rizta,Ather,Electric Scooter,Electric,True,110000,0.0,6.0,26.0,0.0,118,95,2.9,123.0,2024,4.2,Mid-range (80K–1.5L),5.45,123.0,2021,0,4.13,138
BK056,BR12,Ather Rizta,Ather,Electric Scooter,Electric,True,110000,0.0,6.0,26.0,0.0,118,95,2.9,123.0,2024,4.2,Mid-range (80K–1.5L),5.45,123.0,2022,0,4.13,138
BK056,BR12,Ather Rizta,Ather,Electric Scooter,Electric,True,110000,0.0,6.0,26.0,0.0,118,95,2.9,123.0,2024,4.2,Mid-range (80K–1.5L),5.45,123.0,2023,81069,4.13,138
BK057,BR03,TVS iQube,TVS,Electric Scooter,Electric,True,102000,0.0,4.4,18.1,0.0,118,82,3.04,100.0,2022,4.0,Mid-range (80K–1.5L),4.31,100.0,2019,0,3.95,74
BK057,BR03,TVS iQube,TVS,Electric Scooter,Electric,True,102000,0.0,4.4,18.1,0.0,118,82,3.04,100.0,2022,4.0,Mid-range (80K–1.5L),4.31,100.0,2020,0,3.95,74
BK057,BR03,TVS iQube,TVS,Electric Scooter,Electric,True,102000,0.0,4.4,18.1,0.0,118,82,3.04,100.0,2022,4.0,Mid-range (80K–1.5L),4.31,100.0,2021,70616,3.95,74
BK057,BR03,TVS iQube,TVS,Electric Scooter,Electric,True,102000,0.0,4.4,18.1,0.0,118,82,3.04,100.0,2022,4.0,Mid-range (80K–1.5L),4.31,100.0,2022,262922,3.95,74
BK057,BR03,TVS iQube,TVS,Electric Scooter,Electric,True,102000,0.0,4.4,18.1,0.0,118,82,3.04,100.0,2022,4.0,Mid-range (80K–1.5L),4.31,100.0,2023,539374,3.95,74
BK058,BR03,TVS iQube S,TVS,Electric Scooter,Electric,True,120000,0.0,4.4,18.1,0.0,118,82,3.04,115.0,2022,4.1,Mid-range (80K–1.5L),3.67,115.0,2019,0,4.06,155
BK058,BR03,TVS iQube S,TVS,Electric Scooter,Electric,True,120000,0.0,4.4,18.1,0.0,118,82,3.04,115.0,2022,4.1,Mid-range (80K–1.5L),3.67,115.0,2020,0,4.06,155
BK058,BR03,TVS iQube S,TVS,Electric Scooter,Electric,True,120000,0.0,4.4,18.1,0.0,118,82,3.04,115.0,2022,4.1,Mid-range (80K–1.5L),3.67,115.0,2021,53076,4.06,155
BK058,BR03,TVS iQube S,TVS,Electric Scooter,Electric,True,120000,0.0,4.4,18.1,0.0,118,82,3.04,115.0,2022,4.1,Mid-range (80K–1.5L),3.67,115.0,2022,228290,4.06,155
BK058,BR03,TVS iQube S,TVS,Electric Scooter,Electric,True,120000,0.0,4.4,18.1,0.0,118,82,3.04,115.0,2022,4.1,Mid-range (80K–1.5L),3.67,115.0,2023,435019,4.06,155
BK059,BR04,Bajaj Chetak,Bajaj,Electric Scooter,Electric,True,135000,0.0,4.08,16.0,0.0,116,73,3.2,123.0,2021,4.0,Mid-range (80K–1.5L),3.02,123.0,2019,0,3.96,115
BK059,BR04,Bajaj Chetak,Bajaj,Electric Scooter,Electric,True,135000,0.0,4.08,16.0,0.0,116,73,3.2,123.0,2021,4.0,Mid-range (80K–1.5L),3.02,123.0,2020,0,3.96,115
BK059,BR04,Bajaj Chetak,Bajaj,Electric Scooter,Electric,True,135000,0.0,4.08,16.0,0.0,116,73,3.2,123.0,2021,4.0,Mid-range (80K–1.5L),3.02,123.0,2021,26998,3.96,115
BK059,BR04,Bajaj Chetak,Bajaj,Electric Scooter,Electric,True,135000,0.0,4.08,16.0,0.0,116,73,3.2,123.0,2021,4.0,Mid-range (80K–1.5L),3.02,123.0,2022,130697,3.96,115
BK059,BR04,Bajaj Chetak,Bajaj,Electric Scooter,Electric,True,135000,0.0,4.08,16.0,0.0,116,73,3.2,123.0,2021,4.0,Mid-range (80K–1.5L),3.02,123.0,2023,335220,3.96,115
BK060,BR13,Simple One,Simple Energy,Electric Scooter,Electric,True,145000,0.0,8.5,72.0,0.0,110,105,4.8,212.0,2022,4.1,Mid-range (80K–1.5L),5.86,212.0,2019,0,4.09,158
BK060,BR13,Simple One,Simple Energy,Electric Scooter,Electric,True,145000,0.0,8.5,72.0,0.0,110,105,4.8,212.0,2022,4.1,Mid-range (80K–1.5L),5.86,212.0,2020,0,4.09,158
BK060,BR13,Simple One,Simple Energy,Electric Scooter,Electric,True,145000,0.0,8.5,72.0,0.0,110,105,4.8,212.0,2022,4.1,Mid-range (80K–1.5L),5.86,212.0,2021,36946,4.09,158
BK060,BR13,Simple One,Simple Energy,Electric Scooter,Electric,True,145000,0.0,8.5,72.0,0.0,110,105,4.8,212.0,2022,4.1,Mid-range (80K–1.5L),5.86,212.0,2022,159453,4.09,158
BK060,BR13,Simple One,Simple Energy,Electric Scooter,Electric,True,145000,0.0,8.5,72.0,0.0,110,105,4.8,212.0,2022,4.1,Mid-range (80K–1.5L),5.86,212.0,2023,317262,4.09,158
BK061,BR14,Revolt RV400,Revolt,Electric Bike,Electric,True,150000,0.0,3.24,9.0,0.0,108,85,3.24,150.0,2020,3.9,Premium (1.5L–2.5L),2.16,150.0,2019,0,3.97,46
BK061,BR14,Revolt RV400,Revolt,Electric Bike,Electric,True,150000,0.0,3.24,9.0,0.0,108,85,3.24,150.0,2020,3.9,Premium (1.5L–2.5L),2.16,150.0,2020,14301,3.97,46
BK061,BR14,Revolt RV400,Revolt,Electric Bike,Electric,True,150000,0.0,3.24,9.0,0.0,108,85,3.24,150.0,2020,3.9,Premium (1.5L–2.5L),2.16,150.0,2021,53440,3.97,46
BK061,BR14,Revolt RV400,Revolt,Electric Bike,Electric,True,150000,0.0,3.24,9.0,0.0,108,85,3.24,150.0,2020,3.9,Premium (1.5L–2.5L),2.16,150.0,2022,114665,3.97,46
BK062,BR14,Revolt RV300,Revolt,Electric Bike,Electric,True,130000,0.0,2.2,9.0,0.0,98,80,2.7,130.0,2020,3.8,Mid-range (80K–1.5L),1.69,130.0,2019,0,3.66,43
BK062,BR14,Revolt RV300,Revolt,Electric Bike,Electric,True,130000,0.0,2.2,9.0,0.0,98,80,2.7,130.0,2020,3.8,Mid-range (80K–1.5L),1.69,130.0,2020,11006,3.66,43
BK062,BR14,Revolt RV300,Revolt,Electric Bike,Electric,True,130000,0.0,2.2,9.0,0.0,98,80,2.7,130.0,2020,3.8,Mid-range (80K–1.5L),1.69,130.0,2021,38732,3.66,43
BK062,BR14,Revolt RV300,Revolt,Electric Bike,Electric,True,130000,0.0,2.2,9.0,0.0,98,80,2.7,130.0,2020,3.8,Mid-range (80K–1.5L),1.69,130.0,2022,97840,3.66,43
BK063,BR15,Ultraviolette F77,Ultraviolette,Electric Bike,Electric,True,308000,0.0,29.5,95.0,0.0,158,147,10.3,307.0,2023,4.5,Luxury (Above 2.5L),9.58,307.0,2019,0,4.35,76
BK063,BR15,Ultraviolette F77,Ultraviolette,Electric Bike,Electric,True,308000,0.0,29.5,95.0,0.0,158,147,10.3,307.0,2023,4.5,Luxury (Above 2.5L),9.58,307.0,2020,0,4.35,76
BK063,BR15,Ultraviolette F77,Ultraviolette,Electric Bike,Electric,True,308000,0.0,29.5,95.0,0.0,158,147,10.3,307.0,2023,4.5,Luxury (Above 2.5L),9.58,307.0,2021,0,4.35,76
BK063,BR15,Ultraviolette F77,Ultraviolette,Electric Bike,Electric,True,308000,0.0,29.5,95.0,0.0,158,147,10.3,307.0,2023,4.5,Luxury (Above 2.5L),9.58,307.0,2022,0,4.35,76
BK063,BR15,Ultraviolette F77,Ultraviolette,Electric Bike,Electric,True,308000,0.0,29.5,95.0,0.0,158,147,10.3,307.0,2023,4.5,Luxury (Above 2.5L),9.58,307.0,2023,15926,4.35,76
BK064,BR16,Hero Optima,Hero Electric,Electric Scooter,Electric,True,72000,0.0,1.06,,0.0,96,45,1.44,82.0,2019,3.6,Budget (Under 80K),1.47,82.0,2019,9137,3.69,146
BK064,BR16,Hero Optima,Hero Electric,Electric Scooter,Electric,True,72000,0.0,1.06,,0.0,96,45,1.44,82.0,2019,3.6,Budget (Under 80K),1.47,82.0,2020,22066,3.69,146
BK064,BR16,Hero Optima,Hero Electric,Electric Scooter,Electric,True,72000,0.0,1.06,,0.0,96,45,1.44,82.0,2019,3.6,Budget (Under 80K),1.47,82.0,2021,44095,3.69,146
BK064,BR16,Hero Optima,Hero Electric,Electric Scooter,Electric,True,72000,0.0,1.06,,0.0,96,45,1.44,82.0,2019,3.6,Budget (Under 80K),1.47,82.0,2022,69872,3.69,146
BK064,BR16,Hero Optima,Hero Electric,Electric Scooter,Electric,True,72000,0.0,1.06,,0.0,96,45,1.44,82.0,2019,3.6,Budget (Under 80K),1.47,82.0,2023,98253,3.69,146
BK065,BR17,Ampere Primus,Greaves Electric,Electric Scooter,Electric,True,95000,0.0,3.5,30.0,0.0,108,72,2.1,105.0,2022,3.8,Mid-range (80K–1.5L),3.68,105.0,2019,0,3.78,52
BK065,BR17,Ampere Primus,Greaves Electric,Electric Scooter,Electric,True,95000,0.0,3.5,30.0,0.0,108,72,2.1,105.0,2022,3.8,Mid-range (80K–1.5L),3.68,105.0,2020,0,3.78,52
BK065,BR17,Ampere Primus,Greaves Electric,Electric Scooter,Electric,True,95000,0.0,3.5,30.0,0.0,108,72,2.1,105.0,2022,3.8,Mid-range (80K–1.5L),3.68,105.0,2021,28427,3.78,52
BK065,BR17,Ampere Primus,Greaves Electric,Electric Scooter,Electric,True,95000,0.0,3.5,30.0,0.0,108,72,2.1,105.0,2022,3.8,Mid-range (80K–1.5L),3.68,105.0,2022,96496,3.78,52
BK065,BR17,Ampere Primus,Greaves Electric,Electric Scooter,Electric,True,95000,0.0,3.5,30.0,0.0,108,72,2.1,105.0,2022,3.8,Mid-range (80K–1.5L),3.68,105.0,2023,169229,3.78,52
BK066,BR18,BGauss B8,BGauss,Electric Scooter,Electric,True,118000,0.0,6.5,42.0,0.0,112,85,3.0,110.0,2022,3.9,Mid-range (80K–1.5L),5.51,110.0,2019,0,3.95,72
BK066,BR18,BGauss B8,BGauss,Electric Scooter,Electric,True,118000,0.0,6.5,42.0,0.0,112,85,3.0,110.0,2022,3.9,Mid-range (80K–1.5L),5.51,110.0,2020,0,3.95,72
BK066,BR18,BGauss B8,BGauss,Electric Scooter,Electric,True,118000,0.0,6.5,42.0,0.0,112,85,3.0,110.0,2022,3.9,Mid-range (80K–1.5L),5.51,110.0,2021,21162,3.95,72
BK066,BR18,BGauss B8,BGauss,Electric Scooter,Electric,True,118000,0.0,6.5,42.0,0.0,112,85,3.0,110.0,2022,3.9,Mid-range (80K–1.5L),5.51,110.0,2022,86979,3.95,72
BK066,BR18,BGauss B8,BGauss,Electric Scooter,Electric,True,118000,0.0,6.5,42.0,0.0,112,85,3.0,110.0,2022,3.9,Mid-range (80K–1.5L),5.51,110.0,2023,163756,3.95,72
